[
  {
    "_id": "6558370d29e76b712912c109",
    "name": "tester1",
    "email": "test1@react.com",
    "password": "$2a$12$WUMrzGbP6owqYze9lizbEOce.vXLyJ5bSmx/F20Ec3A9yLh3irruK",
    "cpassword": "$2a$12$yBSV0Ik10J4H.aUNJKEq8uZWL7mSgoe2Hqnk6LNYydiI292pKxioW",
    "userType": "donor",
    "registerDate": "2023-11-18T03:59:19.089Z",
    "tokens": [],
    "__v": 0
  },
  {
    "_id": "6558372629e76b712912c10c",
    "name": "tester2",
    "email": "test2@react.com",
    "password": "$2a$12$1f/NQpwrxRBFhLLdLsfiVeiuwaTREfPdEv2M3m.zGM5yaI3u4Rq5W",
    "cpassword": "$2a$12$IwGK5s6knZ4d1gF/ln4SQOrPhn4JDeUuCrWTuJURcsdzZXBhMBQvK",
    "userType": "donor",
    "registerDate": "2023-11-18T03:59:19.089Z",
    "tokens": [],
    "__v": 0
  },
  {
    "_id": "6558373b29e76b712912c10f",
    "name": "tester3",
    "email": "test3@react.com",
    "password": "$2a$12$ayLbTmh7AoKEMNJ1YXR2CeCUrMPy6inSbmyDlU5ndjN8XAWEEKmZ6",
    "cpassword": "$2a$12$fGfMTnDs2.09YPjpRQBAluZJMPAFMQMVbl8Cr3lvi6OPc3A2PEFeW",
    "userType": "patient",
    "registerDate": "2023-11-18T03:59:19.089Z",
    "tokens": [],
    "__v": 0
  },
  {
    "_id": "6558375829e76b712912c112",
    "name": "tester4",
    "email": "test4@react.com",
    "password": "$2a$12$5K47p5ese80qEBl76hU2l.LzlOwdlYzKw9O6YyJpDEvEsIqSkvKbu",
    "cpassword": "$2a$12$MUnq1wFGqXaNx1FmizwllOSqLpnInJG9tvaPsQVoy2Hwlx0DH6/uK",
    "userType": "patient",
    "registerDate": "2023-11-18T03:59:19.089Z",
    "tokens": [],
    "__v": 0
  }
]
